,,order_id,product_id,title,sku_id,sku_name,brand,kind,function,stock_num,天猫链接,天猫链接2,产品名称 ,SKU名称,天猫价格,new_url_1,price1,price2,new_url_2
0,,2560,59292898,Easyface艺霏传明酸巴布贴膜56片,116987572,56片/盒,Easyface艺霏,面膜,补水保湿,100,https://detail.tmall.com/item.htm?spm=a1z10.3-b-s.w4011-22228839995.44.628e79c7BnwYYA&id=606744628264,,Easyface艺霏传明酸巴布贴膜56片提靓肤色焕靓氨甲环酸脸颊面膜,56片/盒,398.00 ,https://detail.tmall.com/item.htm?spm=a1z10.3-b-s.w4011-22228839995.44.628e79c7BnwYYA&id=606744628264&skuId=4430618975202,398.00,-1,
1,,9300,59359667,Easyface艺霏传明酸精华液,117184170,30ml,Easyface艺霏,精华,"补水保湿,美白提亮",100,https://detail.tmall.com/item.htm?spm=a1z10.3-b-s.w4011-22228839995.44.444379c7IPMDYD&id=649768921950,,Easyface艺霏传明酸精华液面部烟酰胺氨甲环酸保湿补水断黑精华液,30ml,198.00 ,https://detail.tmall.com/item.htm?spm=a1z10.3-b-s.w4011-22228839995.44.444379c7IPMDYD&id=649768921950&skuId=4859442415879,198.00,-1,
2,,4000,59292900,Easyface艺霏虾青素莹润修护精华液,117000609,30ml,Easyface艺霏,精华,"补水保湿,修护",100,https://detail.tmall.com/item.htm?spm=a1z10.3-b-s.w4011-22228839995.47.40df79c7zy7drP&id=606740156728,,Easyface艺霏虾青素莹润修护精华液面部肌肤屏障补水保湿肌底液,30ml,268.00 ,https://detail.tmall.com/item.htm?spm=a1z10.3-b-s.w4011-22228839995.47.40df79c7zy7drP&id=606740156728&skuId=4438549425106,268.00,-1,
3,,2150,59292960,百植萃氨基酸舒润洁面乳,116998993,150g,百植萃,乳液,"控油,清爽清洁,平衡水油",100,https://detail.tmall.com/item.htm?spm=a1z10.3-b-s.w4011-21502388637.40.6fe74aaeTRuW3S&id=602470595595,,百植萃控油补水保湿温和洁面乳男女清洁氨基酸洗面奶油皮学生适用,150g,148.00 ,https://detail.tmall.com/item.htm?spm=a1z10.3-b-s.w4011-21502388637.40.6fe74aaeTRuW3S&id=602470595595&skuId=4212671000612,148.00,-1,
4,百植萃旗舰店未找到该产品,6590,59292965,百植萃玻色因塑颜紧致面部精华液,116985964,30ml,百植萃,精华,"补水保湿,紧致肌肤",100,,,,,,,-1,-1,
5,,6520,59292962,百植萃复合果酸精华水,117000881,200ml,百植萃,精华,补水保湿,100,https://detail.tmall.com/item.htm?spm=a1z10.3-b-s.w4011-21502388637.38.68db4aaeN5R8D5&id=613619288368,,百植萃复合果酸精华爽肤水控油调节痘肌水杨酸保湿补水湿敷化妆水,果酸精华水 补水保湿 调节痘肌200ml,178.00 ,https://detail.tmall.com/item.htm?spm=a1z10.3-b-s.w4011-21502388637.38.68db4aaeN5R8D5&id=613619288368&skuId=4496064455875,178.00,-1,
6,,9710,59292920,百植萃舒缓清透防晒乳,117006154,40g,百植萃,隔离防晒,防晒,100,https://detail.tmall.com/item.htm?spm=a1z10.3-b-s.w4011-21502388637.38.5b994aaeBnjlZk&id=638596607382,,百植萃清透防紫外线SPF50物理氨基酸身体防晒霜乳面部清爽隔离霜,40g,148.00 ,https://detail.tmall.com/item.htm?spm=a1z10.3-b-s.w4011-21502388637.38.5b994aaeBnjlZk&id=638596607382&skuId=4750921755750,148.00,-1,
7,,7850,59292905,百植萃舒缓修红亮颜面膜,116996744,50ml,百植萃,面膜,"补水保湿,舒缓",100,https://detail.tmall.com/item.htm?spm=a1z10.3-b-s.w4011-21502388637.43.7bcb4aaeBizH0P&id=645400462713,,【新品】百植萃舒缓修红亮颜小绿瓶加强版修护敏感涂抹式补水面膜,50ml,238.00 ,https://detail.tmall.com/item.htm?spm=a1z10.3-b-s.w4011-21502388637.43.7bcb4aaeBizH0P&id=645400462713&skuId=4919810542792,238.00,-1,
8,,7000,59292937,百植萃舒缓修护保湿喷雾,117004744,150ml,百植萃,喷雾,"补水保湿,舒缓",100,https://detail.tmall.com/item.htm?spm=a1z10.3-b-s.w4011-21502388637.40.d29c4aaerTexGw&id=589726457718,,百植萃舒缓修护保湿喷雾神经酰胺补水定妆化妆湿敷护肤爽肤水清爽,150ml,158.00 ,https://detail.tmall.com/item.htm?spm=a1z10.3-b-s.w4011-21502388637.40.d29c4aaerTexGw&id=589726457718&skuId=4033987392180,158.00,-1,
9,,7820,59292927,百植萃水嫩粉底液,116989714,自然色,百植萃,粉底液,美白提亮,100,https://detail.tmall.com/item.htm?spm=a1z10.3-b-s.w4011-21502388637.37.32134aaeBoNpU3&id=598724561255,,百植萃遮瑕养肤保湿不脱妆BB霜服帖奶油肌粉底液膏敏弱肌干皮适用,自然色30g,159.00 ,https://detail.tmall.com/item.htm?spm=a1z10.3-b-s.w4011-21502388637.37.32134aaeBoNpU3&id=598724561255&skuId=4368316659998,159.00,-1,
10,,7820,59292927,百植萃水嫩粉底液,116993292,象牙白,百植萃,粉底液,美白提亮,100,https://detail.tmall.com/item.htm?spm=a1z10.3-b-s.w4011-21502388637.37.32134aaeBoNpU3&id=598724561255,,百植萃遮瑕养肤保湿不脱妆BB霜服帖奶油肌粉底液膏敏弱肌干皮适用,象牙白30g,159.00 ,https://detail.tmall.com/item.htm?spm=a1z10.3-b-s.w4011-21502388637.37.32134aaeBoNpU3&id=598724561255&skuId=4524857271084,159.00,-1,
11,,6330,59292948,百植萃维B5烟酰胺保湿修护身体乳,116994932,190g,百植萃,乳液,滋润,0,https://detail.tmall.com/item.htm?spm=a1z10.3-b-s.w4011-21502388637.41.75644aaeqWhjv6&id=628985420585,,百植萃维B5烟酰胺角鲨烷清爽保湿修护补水滋润提亮肤色全身身体乳,其他/other190g,178.00 ,https://detail.tmall.com/item.htm?spm=a1z10.3-b-s.w4011-21502388637.41.75644aaeqWhjv6&id=628985420585&skuId=4644605562007,178.00,-1,
12,,2400,59292941,百植萃维B5烟酰胺护手霜,116991471,40g,百植萃,护手霜,"美白提亮,修护",100,https://detail.tmall.com/item.htm?spm=a1z10.3-b-s.w4011-21502388637.44.43534aaeIGrwQp&id=629322805063,,百植萃维B5烟酰胺角鲨烷滋润补水保湿护手霜油小支清爽不油腻男女,40g,58.00 ,https://detail.tmall.com/item.htm?spm=a1z10.3-b-s.w4011-21502388637.44.43534aaeIGrwQp&id=629322805063&skuId=4644613666708,58.00,-1,
13,,9110,59292954,百植萃维生素B5富勒烯保湿面霜,116989818,50g,百植萃,面霜,"补水保湿,美白提亮,滋润",100,https://detail.tmall.com/item.htm?spm=a1z10.3-b-s.w4011-21502388637.40.475c4aaeeMcFD6&id=610298426180,,百植萃富勒烯B5烟酰胺提亮肤色补水保湿修护养肤面霜女滋润护肤,富勒烯面膜 提亮肤色 补水保湿 所有肤质50g,388.00 ,https://detail.tmall.com/item.htm?spm=a1z10.3-b-s.w4011-21502388637.40.475c4aaeeMcFD6&id=610298426180&skuId=4462577855874,388.00,-1,
14,,6290,59292912,百植萃油橄榄舒缓精华水,117004646,150ml,百植萃,精华,"补水保湿,修护",100,https://detail.tmall.com/item.htm?spm=a1z10.3-b-s.w4011-21502388637.39.10234aaeSvNOK5&id=632461753506,,百植萃油橄榄舒缓精华化妆爽肤水积雪草二裂酵母清爽控油补水保湿,油橄榄舒缓精华水 补水保湿 舒缓肌肤,178.00 ,https://detail.tmall.com/item.htm?spm=a1z10.3-b-s.w4011-21502388637.39.10234aaeSvNOK5&id=632461753506&skuId=4516573737216,178.00,-1,
15,,,59292969,百植萃鱼子精华紧致眼霜,116985976,14g,,眼霜/眼部精华,,0,https://detail.tmall.com/item.htm?spm=a1z10.3-b-s.w4011-21502388637.37.44da4aaeb8LVWe&id=622247786852,,百植萃鱼子精华眼霜维生素VCE补水保湿紧致平滑熊猫眼绽亮双眸,14g,288.00 ,https://detail.tmall.com/item.htm?spm=a1z10.3-b-s.w4011-21502388637.37.44da4aaeb8LVWe&id=622247786852&skuId=4566743450146,288.00,-1,
16,,6150,59256864,博乐达氨基酸焕颜洁面慕斯,116942209,150ml,博乐达,洁面,控油,100,https://detail.tmall.com/item.htm?spm=a1z10.3-b-s.w4011-17530103369.45.43e9241cgeG2ke&id=600759989300,https://detail.tmall.com/item.htm?spm=a1z10.3-b-s.w4011-17530103369.57.43e9241cgeG2ke&id=611021396773,博乐达水杨酸氨基酸洗面奶女男去痘黑头温和控油泡沫清洁面乳慕斯,150ml,164.00 ,https://detail.tmall.com/item.htm?spm=a1z10.3-b-s.w4011-17530103369.45.43e9241cgeG2ke&id=600759989300&skuId=4202411697779,164.00,179.00,https://detail.tmall.com/item.htm?spm=a1z10.3-b-s.w4011-17530103369.57.43e9241cgeG2ke&id=611021396773&skuId=4750664254253
17,,6120,59256900,博乐达去屑控油护发露,116929754,120g,博乐达,护发,"控油,护发",99,https://detail.tmall.com/item.htm?spm=a1z10.3-b-s.w4011-17530103369.46.3bf9241cRVKYyd&id=594741984083,https://detail.tmall.com/item.htm?spm=a1z10.3-b-s.w4011-17530103369.50.3bf9241cRVKYyd&id=629301686226,博乐达去屑控油护发露水杨酸超分子活性锌无硅油顺发养头皮护发素,120g,253.00 ,https://detail.tmall.com/item.htm?spm=a1z10.3-b-s.w4011-17530103369.46.3bf9241cRVKYyd&id=594741984083&skuId=4296385807879,253.00,268.00,https://detail.tmall.com/item.htm?spm=a1z10.3-b-s.w4011-17530103369.50.3bf9241cRVKYyd&id=629301686226&skuId=4683840961017
18,,5610,59256885,博乐达水杨酸祛痘调理凝露,116935223,所有肤质30g,博乐达,凝露,"收缩毛孔,去黑头",100,https://detail.tmall.com/item.htm?spm=a1z10.3-b-s.w4011-17530103369.46.8585241cOMjh8M&id=562755784080,,博乐达水杨酸凝露去闭口粉刺痘痘超分子凝胶细致毛孔黑头男女修护,所有肤质30g,235.00 ,https://detail.tmall.com/item.htm?spm=a1z10.3-b-s.w4011-17530103369.46.8585241cOMjh8M&id=562755784080&skuId=4642931145678,235.00,-1,
19,,,67771658,博乐达透明质酸敷料,141361188,1贴/袋 x 5,,洁面,,99,https://detail.tmall.com/item.htm?spm=a1z10.3-b-s.w4011-17530103369.35.7f34241cZ87iBT&id=656438177779,,博乐达透明质酸玻尿酸医用无菌敷料创面防护术后修护保湿非面膜女,1盒,154.00 ,https://detail.tmall.com/item.htm?spm=a1z10.3-b-s.w4011-17530103369.35.7f34241cZ87iBT&id=656438177779&skuId=4913087495953,154.00,-1,
20,,6350,59256908,博乐达小奶瓶焕颜亮肤精华,116923981,35ml,博乐达,精华,美白提亮,100,https://detail.tmall.com/item.htm?spm=a1z10.3-b-s.w4011-17530103369.49.3a34241ccgNFFx&id=603975365553,https://detail.tmall.com/item.htm?spm=a1z10.3-b-s.w4011-17530103369.61.3a34241ccgNFFx&id=619623625660,博乐达小奶瓶10%烟酰胺精华亮肤去黄透亮肤色面部水杨酸去痘淡印,烟酰胺精华 净透肌底 35ml,474.00 ,https://detail.tmall.com/item.htm?spm=a1z10.3-b-s.w4011-17530103369.49.3a34241ccgNFFx&id=603975365553&skuId=4399987474356,474.00,499.00,https://detail.tmall.com/item.htm?spm=a1z10.3-b-s.w4011-17530103369.61.3a34241ccgNFFx&id=619623625660&skuId=4376307180673
21,,9500,59256890,博乐达滋养保湿护理霜30g,116927663,所有肤质30g,博乐达,面霜,补水保湿,100,https://detail.tmall.com/item.htm?spm=a1z10.3-b-s.w4011-17530103369.41.24db241cn99fYD&id=574207881774,https://detail.tmall.com/item.htm?spm=a1z10.3-b-s.w4011-17530103369.45.24db241cn99fYD&id=640937265426,博乐达水杨酸去痘印滋养修护屏障女温和敏感肌角鲨烷刷保湿酸面霜,所有肤质30g,173.00 ,https://detail.tmall.com/item.htm?spm=a1z10.3-b-s.w4011-17530103369.41.24db241cn99fYD&id=574207881774&skuId=3924110819912,173.00,188.00,https://detail.tmall.com/item.htm?spm=a1z10.3-b-s.w4011-17530103369.45.24db241cn99fYD&id=640937265426&skuId=4603925292541
22,,6100,59256872,博乐达滋养调理面膜100g,116944210,100g,博乐达,面膜,"抗痘祛痘,去黑头",100,https://detail.tmall.com/item.htm?spm=a1z10.3-b-s.w4011-17530103369.49.5a78241cwllVjI&id=562745560200,https://detail.tmall.com/item.htm?spm=a1z10.3-b-s.w4011-17530103369.73.5a78241cwllVjI&id=643255095235,博乐达水杨酸去黑头角质去闭口粉刺控油清洁淡化痘印痘坑刷面膜酸,面膜100g,373.00 ,https://detail.tmall.com/item.htm?spm=a1z10.3-b-s.w4011-17530103369.49.5a78241cwllVjI&id=562745560200&skuId=3706973311989,373.00,398.00,https://detail.tmall.com/item.htm?spm=a1z10.3-b-s.w4011-17530103369.73.5a78241cwllVjI&id=643255095235&skuId=4813658407940
23,,5000,59256874,博乐达滋养调理面膜35g,116944224,35g,博乐达,面膜,"抗痘祛痘,去黑头",100,https://detail.tmall.com/item.htm?spm=a220o.1000855.0.da321h.13755e218YP47d&id=623918494721,https://detail.tmall.com/item.htm?spm=a1z10.3-b-s.w4011-17530103369.57.5a78241cwllVjI&id=629767026335,博乐达水杨酸清洁去痘去黑头闭口粉刺淡化痘印非果酸刷面膜酸女男,面膜35g,154.00 ,https://detail.tmall.com/item.htm?spm=a220o.1000855.0.da321h.13755e218YP47d&id=623918494721&skuId=4582551822363,154.00,169.00,https://detail.tmall.com/item.htm?spm=a1z10.3-b-s.w4011-17530103369.57.5a78241cwllVjI&id=629767026335&skuId=4645846014720
24,,5600,59256925,博乐达滋养修护精华（377传明酸精华液）,116940741,通用,博乐达,精华,"控油,舒缓,修护",100,https://detail.tmall.com/item.htm?spm=a1z10.3-b-s.w4011-17530103369.40.3730241c6G2GrP&id=584464306427,https://detail.tmall.com/item.htm?spm=a1z10.3-b-s.w4011-17530103369.44.3730241c6G2GrP&id=631050742042,博乐达三七传明酸精华液超分子水杨酸淡化痘印亮肤舒缓泛红痕男女,博乐达超分子滋养修护精华 控油提亮肤色 30ml,343.00 ,https://detail.tmall.com/item.htm?spm=a1z10.3-b-s.w4011-17530103369.40.3730241c6G2GrP&id=584464306427&skuId=4112476538255,343.00,398.00,https://detail.tmall.com/item.htm?spm=a1z10.3-b-s.w4011-17530103369.44.3730241c6G2GrP&id=631050742042&skuId=4489920144665
25,,9810,59683068,创福康胶原贴医用敷料（II类）,117658580,淡化痘印敷料（5片装/1盒）,创福康,面膜,"抗痘祛痘,修护",100,https://detail.tmall.com/item.htm?spm=a1z10.3-b-s.w4011-21203582980.39.53863474eDTpwh&id=617592057125,,创福康胶原贴敷料炎症痤疮光子医美术后色素沉着过敏医用敷料正品,医用II类痤疮治疗敷料（5片装/盒）,178.00 ,https://detail.tmall.com/item.htm?spm=a1z10.3-b-s.w4011-21203582980.39.53863474eDTpwh&id=617592057125&skuId=4651609065154,178.00,-1,
26,,6000,67365336,痤疮抑菌消毒控油防痘护理套装,140167014,痤疮护理套装（除菌水+修护膏+敷料）,套装,面膜,"修护,舒缓",100,,,,,,,-1,-1,
27,,6000,67365336,痤疮抑菌消毒控油防痘护理套装,140168858,广御除菌水1瓶 （50ml）,套装,面膜,"修护,舒缓",100,,,,,,,-1,-1,
28,,6000,67365336,痤疮抑菌消毒控油防痘护理套装,140159966,小银罐修护膏1罐（10g）,套装,面膜,"修护,舒缓",100,,,,,,,-1,-1,
29,,6000,67365336,痤疮抑菌消毒控油防痘护理套装,140153972,芙清医用皮肤液体敷料清洁护理 I型1支（75g）,套装,面膜,"修护,舒缓",100,,,,,,,-1,-1,
30,,6000,67365336,痤疮抑菌消毒控油防痘护理套装,140198083,可复美类人胶原蛋白敷料1盒（5P）,套装,面膜,"修护,舒缓",100,,,,,,,-1,-1,
31,,2410,60132980,敷尔佳灯泡膜虾青素传明酸修护贴,118380494,1盒(共5片),敷尔佳,面膜,"补水保湿,修护",100,https://detail.tmall.com/item.htm?spm=a1z10.3-b-s.w4011-22385189054.40.54a01c8ejORv6g&id=597951128070,,敷尔佳灯泡膜虾青素传明酸补水保湿改善熬夜肌修护色泽面膜女,1盒(共5片),126.00 ,https://detail.tmall.com/item.htm?spm=a1z10.3-b-s.w4011-22385189054.40.54a01c8ejORv6g&id=597951128070&skuId=4571813604665,126.00,-1,
32,,2410,60132980,敷尔佳灯泡膜虾青素传明酸修护贴,118373267,2盒装(共10片),敷尔佳,面膜,"补水保湿,修护",100,https://detail.tmall.com/item.htm?spm=a1z10.3-b-s.w4011-22385189054.40.54a01c8ejORv6g&id=597951128070,,敷尔佳灯泡膜虾青素传明酸补水保湿改善熬夜肌修护色泽面膜女,2盒装(共10片),245.00 ,https://detail.tmall.com/item.htm?spm=a1z10.3-b-s.w4011-22385189054.40.54a01c8ejORv6g&id=597951128070&skuId=4571813604666,245.00,-1,
33,,2410,60132980,敷尔佳灯泡膜虾青素传明酸修护贴,118363635,4盒(共20片),敷尔佳,面膜,"补水保湿,修护",100,https://detail.tmall.com/item.htm?spm=a1z10.3-b-s.w4011-22385189054.40.54a01c8ejORv6g&id=597951128070,,敷尔佳灯泡膜虾青素传明酸补水保湿改善熬夜肌修护色泽面膜女,4盒(共20片),469.00 ,https://detail.tmall.com/item.htm?spm=a1z10.3-b-s.w4011-22385189054.40.54a01c8ejORv6g&id=597951128070&skuId=4571813604664,469.00,-1,
34,,2100,60132941,敷尔佳水杨酸果酸焕肤面膜,118373121,1支,敷尔佳,面膜,"补水保湿,舒缓",100,https://detail.tmall.com/item.htm?spm=a1z10.3-b-s.w4011-22385189054.22.34921c8eqUvmfJ&id=622431289460,,敷尔佳水杨酸果酸焕肤面膜深层清洁去黑头粉刺收缩毛孔角质涂抹式,1支,126.00 ,https://detail.tmall.com/item.htm?spm=a1z10.3-b-s.w4011-22385189054.22.34921c8eqUvmfJ&id=622431289460&skuId=4576415745627,126.00,-1,
35,,9600,59510291,敷尔佳虾青素传明酸精华液,117341126,1瓶,敷尔佳,精华,"补水保湿,紧致肌肤",100,https://detail.tmall.com/item.htm?spm=a1z10.3-b-s.w4011-22385189054.27.64711c8eZi3ZFD&id=600809081354,,敷尔佳虾青素传明酸精华液润泽保湿均匀提亮肤色淡化色沉密集补水,1瓶,139.00 ,https://detail.tmall.com/item.htm?spm=a1z10.3-b-s.w4011-22385189054.27.64711c8eZi3ZFD&id=600809081354&skuId=4540528184480,139.00,-1,
36,,3330,59219642,芙清保湿抑菌凉茶敷料（6周年款纪念款）,119032046,五周年祛痘凉茶面膜1盒/5片,芙清,面膜,"抗痘祛痘,修护",100,https://detail.tmall.com/item.htm?spm=a1z10.3-b-s.w4011-21576939866.61.4e70c614I9PeY9&id=598095899322,,芙清祛痘凉茶敷料医用淡化痤疮去痘印美术保湿消炎修复补水非面膜,六周年祛痘凉茶敷料1盒/5片,158.00 ,https://detail.tmall.com/item.htm?spm=a1z10.3-b-s.w4011-21576939866.61.4e70c614I9PeY9&id=598095899322,158.00,-1,
37,,4500,59474675,芙清膏剂敷料护理Ⅱ型（面霜）,117261311,医用修护面霜（50g）,芙清,面霜,"抗痘祛痘,修护",100,https://detail.tmall.com/item.htm?spm=a1z10.3-b-s.w4011-21576939866.37.288ac614ZWTkvo&id=610982260060,,FQ芙清痘痘肌修护膏医用补水锁水保湿敏感肌痤疮过敏皮炎湿疹面霜,医用修护面霜（50g）,158.00 ,https://detail.tmall.com/item.htm?spm=a1z10.3-b-s.w4011-21576939866.37.288ac614ZWTkvo&id=610982260060&skuId=4473753710201,158.00,-1,
38,,4520,59474651,芙清膏剂敷料护理I型（乳液）,117263126,医用修护乳液（50g）,芙清,乳液,"抗痘祛痘,修护",100,https://detail.tmall.com/item.htm?spm=a1z10.3-b-s.w4011-21576939866.34.13e7c6148p4JQl&id=611729179876,,FQ芙清痘痘肌修护膏修护乳青春痘痤疮皮炎湿疹敏感肌控油护理乳液,医用修护乳液（50g）,158.00 ,https://detail.tmall.com/item.htm?spm=a1z10.3-b-s.w4011-21576939866.34.13e7c6148p4JQl&id=611729179876&skuId=4650914867774,158.00,-1,
39,芙清旗舰店未找到该商品,2700,60221076,芙清卡波姆湿性修复功能性敷料,118557725,祛痘清洁黑膜1盒/5片,芙清,面膜,"抗痘祛痘,修护",100,,,,,,,-1,-1,
40,该产品为天猫超市,9640,59256853,芙清密钥舒妍清肌卸妆水,116942152,500ml,芙清,卸妆水,清爽清洁,100,https://chaoshi.detail.tmall.com/item.htm?spm=a220m.1000858.1000725.1.35933990sWuLf8&id=655572199693,,芙清密钥舒妍清肌卸妆水眼唇脸三合一深层清洁毛孔温和养肤500ml,500ml,99.00 ,https://chaoshi.detail.tmall.com/item.htm?spm=a220m.1000858.1000725.1.35933990sWuLf8&id=655572199693&skuId=4723274136061,99.00,-1,
41,芙清密钥旗舰店未找到该商品,3390,59219607,芙清密钥丝揉控油持装粉底液,116908933,通用,芙清,粉底液,控油,100,,,,,,,-1,-1,
42,,3120,59683171,芙清液体敷料LD修护I型,117670421,医用修护爽肤水（120ml）,芙清,"爽肤水,修护水","抗痘祛痘,修护",100,https://detail.tmall.com/item.htm?spm=a1z10.3-b-s.w4011-21576939866.79.7372c614dcKhlk&id=611728283471,,芙清医美痘肌修护爽肤水女补水保湿敏感湿敷美容术后泛红医用敷料,医用修护爽肤水（120ml）,148.00 ,https://detail.tmall.com/item.htm?spm=a1z10.3-b-s.w4011-21576939866.79.7372c614dcKhlk&id=611728283471&skuId=4477005043646,148.00,-1,
43,,1970,59219612,芙清医用促愈功能性敷料,118282126,经典祛痘面膜1盒（5片装）【每2盒1疗程】,芙清,面膜,"抗痘祛痘,修护",0,https://detail.tmall.com/item.htm?spm=a1z10.3-b-s.w4011-21576939866.92.66b0c614ixJW8z&id=587051744204,,FQ芙清医用敷料术后修复补水淡化痘印敏感痘肌粉刺祛痘医美非面膜,经典祛痘面膜1盒（5片装）【每2盒1疗程】,188.00 ,https://detail.tmall.com/item.htm?spm=a1z10.3-b-s.w4011-21576939866.92.66b0c614ixJW8z&id=587051744204,188.00,-1,
44,,1970,59219612,芙清医用促愈功能性敷料,118263745,经典祛痘面膜4盒【2疗程】,芙清,面膜,"抗痘祛痘,修护",0,https://detail.tmall.com/item.htm?spm=a1z10.3-b-s.w4011-21576939866.112.66b0c614ixJW8z&id=589127536439,,芙清医用敷料痤疮青春痘粉刺术后修复敏感皮炎祛痘非面膜4盒,经典祛痘面膜4盒,752.00 ,https://detail.tmall.com/item.htm?spm=a1z10.3-b-s.w4011-21576939866.112.66b0c614ixJW8z&id=589127536439&skuId=4869607331488,752.00,-1,
45,,2930,59219624,芙清医用促愈功能性敷料综合治疗凝胶,116895801,芙清凝胶（30g装）,芙清,面膜,"抗痘祛痘,修护",100,https://detail.tmall.com/item.htm?spm=a1z10.3-b-s.w4011-21576939866.34.5d48c614XDl9Vg&id=587053192746,,芙清医用去痘凝胶抗菌敷料湿疹皮炎痘印痤疮修复促愈功能性祛痘膏,芙清凝胶（30g装）,248.00 ,https://detail.tmall.com/item.htm?spm=a1z10.3-b-s.w4011-21576939866.34.5d48c614XDl9Vg&id=587053192746&skuId=4576468477975,248.00,-1,
46,,6000,59292218,芙清医用皮肤液体敷料 清洁护理Ⅰ型（洁面）,116975184,新升级医用洁面乳75g,芙清,洁面,"抗痘祛痘,修护",100,https://detail.tmall.com/item.htm?spm=a1z10.3-b-s.w4011-21576939866.61.4b9dc614jfBYw9&id=597655781410,,FQ芙清医用洗面奶男女学生氨基酸黑头粉刺青春痘修护敷料去痘洁面,新升级医用洁面乳75g,108.00 ,https://detail.tmall.com/item.htm?spm=a1z10.3-b-s.w4011-21576939866.61.4b9dc614jfBYw9&id=597655781410,108.00,-1,
47,,9999,56656287,广御抑菌水爽肤水弱碱盐水零添加无刺激敏感肌可用,118283873,50ml,广御,"爽肤水,修护水",补水保湿,100,https://item.taobao.com/item.htm?id=626648472514,,广御抑菌水爽肤水弱碱盐水零添加无刺激敏感肌可用日本进口食品级,50ml,138.00 ,https://item.taobao.com/item.htm?id=626648472514,138.00,-1,
48,,9999,56656287,广御抑菌水爽肤水弱碱盐水零添加无刺激敏感肌可用,118285823,80ml,广御,"爽肤水,修护水",补水保湿,100,https://item.taobao.com/item.htm?id=660707799094,,广御抑菌水爽肤水弱碱性盐水零添加无刺激敏感肌可用日本进口,80ml,198.00 ,https://item.taobao.com/item.htm?id=660707799094,198.00,-1,
49,,6000,67286871,过敏性皮炎补水消炎舒缓套装,140145054,过敏性皮炎护理套装（敷料+喷雾+特护霜）,套装,隔离防晒,"补水保湿,修护",10,,,,,,,-1,-1,
50,,6000,67286871,过敏性皮炎补水消炎舒缓套装,140154995,可复美类人胶原蛋白敷料1盒（5P）,套装,隔离防晒,"补水保湿,修护",10,,,,,,,-1,-1,
51,,6000,67286871,过敏性皮炎补水消炎舒缓套装,140158944,百植萃舒缓修护保湿喷雾1瓶（150ml）,套装,隔离防晒,"补水保湿,修护",10,,,,,,,-1,-1,
52,,6000,67286871,过敏性皮炎补水消炎舒缓套装,140152940,薇诺娜舒敏保湿特护霜1支（50g）,套装,隔离防晒,"补水保湿,修护",10,,,,,,,-1,-1,
53,,6000,67306785,黄褐斑改善皮肤屏障抗炎修护套装,140197454,黄褐斑护理套装（精华液+面膜+防晒乳+面霜+修护水）,套装,面膜,"补水保湿,修护",100,,,,,,,-1,-1,
54,,6000,67306785,黄褐斑改善皮肤屏障抗炎修护套装,140177853,优斐斯传明酸修护精华液1瓶（30ml）,套装,面膜,"补水保湿,修护",100,,,,,,,-1,-1,
55,,6000,67306785,黄褐斑改善皮肤屏障抗炎修护套装,140181904,百植萃舒缓清透防晒乳1支（40g）,套装,面膜,"补水保湿,修护",100,,,,,,,-1,-1,
56,,6000,67306785,黄褐斑改善皮肤屏障抗炎修护套装,140205312,百植萃维生素B5富勒烯保湿面霜1罐（50g）,套装,面膜,"补水保湿,修护",100,,,,,,,-1,-1,
57,,6000,67306785,黄褐斑改善皮肤屏障抗炎修护套装,140179915,绽妍液体敷料修护水1瓶（120ml）,套装,面膜,"补水保湿,修护",100,,,,,,,-1,-1,
58,,6000,67306785,黄褐斑改善皮肤屏障抗炎修护套装,140219061,森花泉古方草本护肤天门冬面膜1盒（5P）,套装,面膜,"补水保湿,修护",100,,,,,,,-1,-1,
59,,6000,67278488,激素依赖性皮炎屏障修复护理套装,140200654,激素依赖性皮炎护理套装（敷料+特护霜+洁面乳）,套装,乳液,"控油,清爽清洁,平衡水油",100,,,,,,,-1,-1,
60,,6000,67278488,激素依赖性皮炎屏障修复护理套装,140165468,可复美类人胶原蛋白敷料1盒（5P）,套装,乳液,"控油,清爽清洁,平衡水油",100,,,,,,,-1,-1,
61,,6000,67278488,激素依赖性皮炎屏障修复护理套装,140206568,薇诺娜舒缓保湿特护霜1支（50g）,套装,乳液,"控油,清爽清洁,平衡水油",100,,,,,,,-1,-1,
62,,6000,67278488,激素依赖性皮炎屏障修复护理套装,140206567,百植萃舒缓修护保湿喷雾1瓶（150ml）,套装,乳液,"控油,清爽清洁,平衡水油",100,,,,,,,-1,-1,
63,,6000,67278488,激素依赖性皮炎屏障修复护理套装,140173210,百植萃氨基酸舒润洁面乳1支（150g）,套装,乳液,"控油,清爽清洁,平衡水油",100,,,,,,,-1,-1,
64,,9240,59219540,可复美焕能凝时冰激凌面膜,116899235,240g/盒,可复美,面膜,"补水保湿,紧致肌肤,控油",100,https://detail.tmall.com/item.htm?spm=a1z10.3-b-s.w4011-18877614629.162.99086d4e1c2sSn&id=636878472603,,可复美焕能凝时冰激凌面膜涂抹面膜滋养补水保湿维稳240g,240g/盒,298.00 ,https://detail.tmall.com/item.htm?spm=a1z10.3-b-s.w4011-18877614629.162.99086d4e1c2sSn&id=636878472603&skuId=4568636348279,298.00,-1,
65,,9800,59219504,可复美焕能涂抹式紧致睡眠面膜,116903032,80g/支装,可复美,面膜,"淡化细纹,美白提亮",100,https://detail.tmall.com/item.htm?spm=a1z10.3-b-s.w4011-18877614629.27.18a76d4eoR8dgV&id=641072955049,,可复美焕能涂抹式睡眠面膜滋养淡纹弹润焕亮深润补水保湿修护,80g/支装,268.00 ,https://detail.tmall.com/item.htm?spm=a1z10.3-b-s.w4011-18877614629.27.18a76d4eoR8dgV&id=641072955049&skuId=4597910028491,268.00,-1,
66,,4500,59219224,可复美类人胶原蛋白敷料（粉色5片）,116904415,类人胶原蛋白敷料粉5片,可复美,面膜,"修护,舒缓",100,https://detail.tmall.com/item.htm?spm=a1z10.3-b-s.w4011-18877614629.103.46f06d4enIjak8&id=637765452182,,可复美类人胶原蛋白敷料贴冷修护舒缓敏感肌肤非面膜粉色5片,类人胶原蛋白敷料粉5片,198.00 ,https://detail.tmall.com/item.htm?spm=a1z10.3-b-s.w4011-18877614629.103.46f06d4enIjak8&id=637765452182&skuId=4579618121913,198.00,-1,
67,,6100,59219344,可复美类人胶原蛋白敷料（蓝色非面膜5片）,116900888,类人胶原蛋白敷料1盒（5片装)【每2盒1疗程】,可复美,面膜,"修护,舒缓",100,https://detail.tmall.com/item.htm?spm=a1z10.3-b-s.w4011-18877614629.43.27f86d4ekl5JIe&id=544502344102,,可复美类人胶原蛋白敷料贴冷修护舒缓敏感肌肤非面膜5片/盒,类人胶原蛋白敷料5片/盒【每2盒1疗程】,188.00 ,https://detail.tmall.com/item.htm?spm=a1z10.3-b-s.w4011-18877614629.43.27f86d4ekl5JIe&id=544502344102&skuId=3445745355707,188.00,-1,
68,,8165,59218808,可复美小黑管清肌修护清洁面膜,116888789,165g,可复美,面膜,"收缩毛孔,去黑头",73081,https://detail.tmall.com/item.htm?spm=a1z10.3-b-s.w4011-18877614629.34.16b96d4evrGI7b&id=644815647431,,可复美小黑管深层清洁面膜泥膜温和去油黑头白头敏感肌涂抹式165g,165g,168.00 ,https://detail.tmall.com/item.htm?spm=a1z10.3-b-s.w4011-18877614629.34.16b96d4evrGI7b&id=644815647431&skuId=4808934402877,168.00,-1,
69,,4510,59219583,可复美小金管淡纹抗纹眼霜,116903071,20g,可复美,眼霜,淡化细纹,100,https://detail.tmall.com/item.htm?spm=a1z10.3-b-s.w4011-18877614629.27.3f256d4e8OpwtP&id=628454350125,,可复美淡纹小金管抗纹淡化黑眼圈眼部细纹干纹修护滋养眼霜,20g,198.00 ,https://detail.tmall.com/item.htm?spm=a1z10.3-b-s.w4011-18877614629.27.3f256d4e8OpwtP&id=628454350125&skuId=4630286766304,198.00,-1,
70,,2110,60132880,可复美小水库术后修护医用敷料,118359960,液体敷料1盒,可复美,面膜,"抗痘祛痘,修护",100,https://detail.tmall.com/item.htm?spm=a1z10.3-b-s.w4011-18877614629.34.59f56d4eWMDtiy&id=629822037455,,可复美小水库修护敷料贴医疗敏感肌美用冷液体敷料非面膜tk,液体敷料1盒,168.00 ,https://detail.tmall.com/item.htm?spm=a1z10.3-b-s.w4011-18877614629.34.59f56d4eWMDtiy&id=629822037455&skuId=4803656062379,168.00,-1,
71,,9799,67184471,可预类人胶原蛋白修复敷料,139774903,50g,可预,"洁面,面膜","修护,舒缓",100,https://detail.tmall.com/item.htm?spm=a1z10.5-b-s.w4011-22524724066.35.1921268bXnton3&id=644528932599,,可预类人胶原蛋白修复敷料小白乳R型敏感肌r乳膏液可愈官方旗舰店,【院线同款】R型敷料50g,268.00 ,https://detail.tmall.com/item.htm?spm=a1z10.5-b-s.w4011-22524724066.35.1921268bXnton3&id=644528932599&skuId=4642209628432,268.00,-1,
72,,6000,67331584,皮肤干燥补水保湿防晒润肤护理套装,140133938,皮肤干燥护理套装（面膜+精华水+面霜+面乳+防晒霜）,套装,隔离防晒,防晒,10,,,,,,,-1,-1,
73,,6000,67331584,皮肤干燥补水保湿防晒润肤护理套装,140143485,森花泉古方草本护肤天门冬面膜1盒（5P）,套装,隔离防晒,防晒,10,,,,,,,-1,-1,
74,,6000,67331584,皮肤干燥补水保湿防晒润肤护理套装,140137613,百植萃油橄榄舒缓精华水1瓶（150ml）,套装,隔离防晒,防晒,10,,,,,,,-1,-1,
75,,6000,67331584,皮肤干燥补水保湿防晒润肤护理套装,140139539,百植萃维生素B5富勒烯保湿面霜1罐（50g）,套装,隔离防晒,防晒,10,,,,,,,-1,-1,
76,,6000,67331584,皮肤干燥补水保湿防晒润肤护理套装,140133939,博乐达滋养修护精华1瓶（30ml）,套装,隔离防晒,防晒,10,,,,,,,-1,-1,
77,,6000,67331584,皮肤干燥补水保湿防晒润肤护理套装,140164341,百植萃氨基酸舒润洁面乳1支（150g）,套装,隔离防晒,防晒,10,,,,,,,-1,-1,
78,,6000,67331584,皮肤干燥补水保湿防晒润肤护理套装,140172038,绽妍清透防晒霜1瓶（50g）,套装,隔离防晒,防晒,10,,,,,,,-1,-1,
79,无官方旗舰店,5555,59292971,浅草川水光防晒喷雾,116993439,一盒装,浅草川,喷雾,防晒,100,,,,,,,-1,-1,
80,,9999,61854019,森花泉古方草本护肤系列 天门冬面膜45分钟直达真皮银耳深度补水,120160227,,森花泉,面膜,"补水保湿,修护",100,https://item.taobao.com/item.htm?id=664084414729,,森花泉古方草本护肤系列 天门冬面膜 45分钟直达真皮银耳深度补水,5片/盒,268.00 ,https://item.taobao.com/item.htm?id=664084414729,268.00,-1,
81,,2500,59292979,薇诺娜清透防晒乳50g SPF48 PA+++ ,117008053,基本款50g,薇诺娜,隔离防晒,"防晒,修护",100,https://detail.tmall.com/item.htm?spm=a1z10.3-b-s.w4011-14573268338.43.78735fbfmJiZSX&id=2453766859,,薇诺娜清透防晒乳50g SPF48 PA+++ 敏感肌乳霜学生户外防紫外线,50g,188.00 ,https://detail.tmall.com/item.htm?spm=a1z10.3-b-s.w4011-14573268338.43.78735fbfmJiZSX&id=2453766859,-3,-1,
82,,2120,59292975,薇诺娜舒缓控油爽肤水,116989931,120ml,薇诺娜,"爽肤水,修护水","补水保湿,控油,收缩毛孔",100,https://detail.tmall.com/item.htm?spm=a1z10.3-b-s.w4011-14573268338.44.67195fbfDEEFVD&id=17921178484,,薇诺娜舒缓控油爽肤水120ml 化妆柔肤水清洁混油补水保湿水油平衡,舒缓控油水120ml,188.00 ,https://detail.tmall.com/item.htm?spm=a1z10.3-b-s.w4011-14573268338.44.67195fbfDEEFVD&id=17921178484&skuId=31984738084,188.00,-1,
83,,2130,59292976,薇诺娜舒敏保湿润肤水,116997029,120ml,薇诺娜,"爽肤水,修护水","补水保湿,舒缓,修护",100,https://detail.tmall.com/item.htm?spm=a220o.1000855.0.da321h.5598392eMptwUO&id=19445947936,,薇诺娜舒敏保湿润肤水120ml 敏感肌护肤品爽肤水化妆水舒缓修护,舒敏水120ml,188.00 ,https://detail.tmall.com/item.htm?spm=a220o.1000855.0.da321h.5598392eMptwUO&id=19445947936&skuId=32176921785,188.00,-1,
84,,9510,59292972,薇诺娜舒敏保湿特护霜,116987919,敏感性肤质50g,薇诺娜,隔离防晒,"补水保湿,修护",100,https://detail.tmall.com/item.htm?spm=a220o.1000855.0.da321h.74fa6601jNK4jJ&id=17289238843,,薇诺娜舒敏保湿特护霜50g 敏感肌补水舒缓修护屏障面霜护肤品维稳,必入超值大容量 敏感性肤质 50g,268.00 ,https://detail.tmall.com/item.htm?spm=a220o.1000855.0.da321h.74fa6601jNK4jJ&id=17289238843&skuId=37155583560,268.00,-1,
85,无官方旗舰店,9800,65105392,小银罐修复膏·肌肤治愈专家 植物配方中药制作去痒消红抑制炎症,136036781,10g,小银罐,护手霜,"修护,舒缓",100,,,,,,,-1,-1,
86,,9550,59257005,优斐斯传明酸修护精华液,116933855,30mL,优斐斯,精华,"补水保湿,美白提亮",100,https://detail.tmall.com/item.htm?spm=a1z10.3-b-s.w4011-21237708009.42.112765bdpybNkG&id=584586428998,,【年货】优斐斯传明酸修护精华液氨甲环酸面部提亮肤色原液旗舰店,传明酸精华液30ml,580.00 ,https://detail.tmall.com/item.htm?spm=a1z10.3-b-s.w4011-21237708009.42.112765bdpybNkG&id=584586428998&skuId=3952510540102,580.00,-1,
87,,3830,60598764,绽妍传明酸虾青素驻颜精华液,119064795,30ml,绽妍,眼霜,淡化细纹,100,https://detail.tmall.com/item.htm?spm=a1z10.3-b-s.w4011-23305177154.43.5766442em2epfh&id=592747173083,,绽妍精华液 传明酸淡化暗沉 提亮肤色 修护肌肤 原液小棕瓶30ml,30ml,228.00 ,https://detail.tmall.com/item.htm?spm=a1z10.3-b-s.w4011-23305177154.43.5766442em2epfh&id=592747173083,228.00,-1,
88,,3470,60132914,绽妍控油平衡爽肤水120ml,118378365,控油爽肤水120ml,绽妍,"爽肤水,化妆水","控油,清爽清洁,平衡水油",100,https://detail.tmall.com/item.htm?spm=a1z10.3-b-s.w4011-23305177154.41.75eb442eHf9xtz&id=596685827445,,绽妍控油爽肤水120ml收缩毛孔紧致保湿水化妆正品护肤品旗舰店,控油爽肤水120ml,178.00 ,https://detail.tmall.com/item.htm?spm=a1z10.3-b-s.w4011-23305177154.41.75eb442eHf9xtz&id=596685827445&skuId=4144009064118,178.00,-1,
89,,8000,59256983,绽妍控油平衡调理乳（升级版）,116925993,通用,绽妍,乳液,平衡水油,100,https://detail.tmall.com/item.htm?spm=a1z10.3-b-s.w4011-23305177154.37.6cfd442ejtOu6V&id=603975490101,,绽妍保湿乳 敏感肌控油祛痘 调理平衡 冬季保湿护肤品 正品旗舰店,50ml,198.00 ,https://detail.tmall.com/item.htm?spm=a1z10.3-b-s.w4011-23305177154.37.6cfd442ejtOu6V&id=603975490101,198.00,-1,
90,,7840,59475954,绽妍清透防晒霜SPF35,117330054,通用,绽妍,隔离防晒,防晒,100,https://detail.tmall.com/item.htm?spm=a1z10.3-b-s.w4011-23305177154.48.6fe5442eNZHhfI&id=580742791889,,绽妍防晒霜 隔离面部防紫外线 清爽不油腻易抹开 通勤护肤品SPF35,50g,138.00 ,https://detail.tmall.com/item.htm?spm=a1z10.3-b-s.w4011-23305177154.48.6fe5442eNZHhfI&id=580742791889,138.00,-1,
91,,3480,59256966,绽妍维A醇多重修护眼霜,116937120,视黄醇眼霜 15g,绽妍,眼霜,淡化细纹,100,https://detail.tmall.com/item.htm?spm=a1z10.3-b-s.w4011-23305177154.37.7e13442eBWoawO&id=650202488401,,绽妍眼霜 视黄酸A醇抗初老 补水修护 淡化黑眼圈眼袋 紧致肌肤,15g,378.00 ,https://detail.tmall.com/item.htm?spm=a1z10.3-b-s.w4011-23305177154.37.7e13442eBWoawO&id=650202488401&skuId=4867962043872,378.00,-1,
92,,5890,59257002,绽妍液体敷料喷雾剂,116940979,喷雾剂-50ml,绽妍,喷雾,修护,100,https://detail.tmall.com/item.htm?spm=a1z10.3-b-s.w4011-23305177154.26.70d6442epywIwL&id=627902316525,,绽妍液体敷料喷雾剂 创面皮肤护理物理屏障 官方旗舰店正品,喷雾剂50ml,59.90 ,https://detail.tmall.com/item.htm?spm=a1z10.3-b-s.w4011-23305177154.26.70d6442epywIwL&id=627902316525&skuId=4463169765249,59.90,-1,
93,小量康康正式版未上线该产品,9350,60598872,绽妍液体敷料修护水120ml,119071240,修护水120ml,绽妍,"爽肤水,化妆水",补水保湿,100,,,,,,,-1,-1,
